name,endpoint
Server 0, https://3196439-cd71947.twc1.net/stub/server/0
Server 1, https://3196439-cd71947.twc1.net/stub/server/1
Server 2, https://3196439-cd71947.twc1.net/stub/server/2
Server 3, https://3196439-cd71947.twc1.net/stub/server/3
Server 4, https://3196439-cd71947.twc1.net/stub/server/4
Server 5, https://3196439-cd71947.twc1.net/stub/server/5
Server 6, https://3196439-cd71947.twc1.net/stub/server/6
Server 7, https://3196439-cd71947.twc1.net/stub/server/7
Server 8, https://3196439-cd71947.twc1.net/stub/server/8
Server 9, https://3196439-cd71947.twc1.net/stub/server/9
Server 10, https://3196439-cd71947.twc1.net/stub/server/10
Server 11, https://3196439-cd71947.twc1.net/stub/server/11
Server 12, https://3196439-cd71947.twc1.net/stub/server/12
Server 13, https://3196439-cd71947.twc1.net/stub/server/13
Server 14, https://3196439-cd71947.twc1.net/stub/server/14
Server 15, https://3196439-cd71947.twc1.net/stub/server/15
Server 16, https://3196439-cd71947.twc1.net/stub/server/16
Server 17, https://3196439-cd71947.twc1.net/stub/server/17
Server 18, https://3196439-cd71947.twc1.net/stub/server/18
Server 19, https://3196439-cd71947.twc1.net/stub/server/19
Server 20, https://3196439-cd71947.twc1.net/stub/server/20
Server 21, https://3196439-cd71947.twc1.net/stub/server/21
Server 22, https://3196439-cd71947.twc1.net/stub/server/22
Server 23, https://3196439-cd71947.twc1.net/stub/server/23
Server 24, https://3196439-cd71947.twc1.net/stub/server/24
Server 25, https://3196439-cd71947.twc1.net/stub/server/25
Server 26, https://3196439-cd71947.twc1.net/stub/server/26
Server 27, https://3196439-cd71947.twc1.net/stub/server/27
Server 28, https://3196439-cd71947.twc1.net/stub/server/28
Server 29, https://3196439-cd71947.twc1.net/stub/server/29
Server 30, https://3196439-cd71947.twc1.net/stub/server/30